Age,EstimatedSalary,Purchased
0.15060,0.87236189,1
0.41595454,0.02640976,0
0.22472043,0.50416235,0
1.22472043,2.50416235,1
